Spot_Price,Strike_Price,Maturity,risk_free_interest,Volatility,Call_Premium,Monte_Carlo_Value
191.94,175.0,335,0.01,0.33,32.05,33.21
191.94,180.0,335,0.01,0.32,29.32,30.08
191.94,185.0,335,0.01,0.31,25.51,26.89
191.94,175.0,237,0.01,0.32,28.25,29.5
191.94,180.0,237,0.01,0.31,24.75,25.71
191.94,175.0,90,0.01,0.31,21.7,22.13
191.94,175.0,426,0.01,0.34,36.9,37.09
191.94,180.0,426,0.01,0.33,33.75,33.88
191.94,185.0,426,0.01,0.32,29.51,30.6
191.94,190.0,426,0.01,0.31,25.88,27.73
343.77,310.0,118,0.01,0.36,44.45,47.48
343.77,315.0,118,0.01,0.35,44.3,43.45
343.77,320.0,118,0.01,0.34,38.5,40.01
343.77,325.0,118,0.01,0.33,35.87,36.16
343.77,330.0,118,0.01,0.33,34.05,33.21
343.77,335.0,118,0.01,0.31,27.8,28.94
343.77,340.0,118,0.01,0.32,25.55,27.3
343.77,345.0,118,0.01,0.31,22.7,24.04
343.77,310.0,181,0.01,0.35,49.59,53.04
343.77,315.0,181,0.01,0.34,46.25,48.74
343.77,320.0,181,0.01,0.33,42.56,44.88
343.77,325.0,181,0.01,0.33,39.5,41.72
343.77,330.0,181,0.01,0.32,36.28,38.15
343.77,335.0,181,0.01,0.32,33.95,35.94
343.77,340.0,181,0.01,0.31,29.9,32.4
343.77,345.0,181,0.01,0.31,29.5,29.94
343.77,310.0,237,0.01,0.35,57.34,57.23
343.77,315.0,237,0.01,0.35,55.55,53.89
343.77,320.0,237,0.01,0.34,52.0,49.99
343.77,325.0,237,0.01,0.33,44.0,46.72
343.77,330.0,237,0.01,0.33,42.32,44.21
343.77,335.0,237,0.01,0.32,40.6,40.3
343.77,340.0,237,0.01,0.33,35.6,39.12
343.77,345.0,237,0.01,0.32,34.02,35.67
343.77,350.0,237,0.01,0.31,31.43,32.58
343.77,355.0,237,0.01,0.31,28.15,30.36
343.77,360.0,237,0.01,0.31,25.5,28.34
343.77,370.0,237,0.01,0.31,21.49,24.76
343.77,315.0,426,0.01,0.36,64.32,68.4
343.77,320.0,426,0.01,0.36,61.67,65.61
343.77,330.0,426,0.01,0.36,56.0,60.45
343.77,335.0,426,0.01,0.35,58.65,57.1
343.77,340.0,426,0.01,0.34,51.2,53.18
343.77,345.0,426,0.01,0.35,49.5,52.82
343.77,350.0,426,0.01,0.33,46.73,47.77
343.77,355.0,426,0.01,0.33,46.5,45.51
343.77,360.0,426,0.01,0.33,42.9,43.61
343.77,365.0,426,0.01,0.32,40.65,40.32
343.77,370.0,426,0.01,0.32,38.59,38.7
343.77,375.0,426,0.01,0.32,36.4,36.79
343.77,310.0,146,0.01,0.35,46.4,49.46
343.77,315.0,146,0.01,0.34,43.1,45.76
343.77,320.0,146,0.01,0.34,39.65,42.32
343.77,325.0,146,0.01,0.32,38.0,37.98
343.77,330.0,146,0.01,0.32,32.92,35.32
343.77,335.0,146,0.01,0.31,30.84,31.68
343.77,340.0,146,0.01,0.31,27.2,29.22
343.77,345.0,146,0.01,0.32,25.95,27.7
120.02,110.0,118,0.01,0.38,15.4,15.9
120.02,115.0,118,0.01,0.35,11.63,12.27
120.02,120.0,118,0.01,0.35,8.8,9.72
120.02,125.0,118,0.01,0.33,6.6,7.05
120.02,130.0,118,0.01,0.32,4.75,5.09
120.02,110.0,181,0.01,0.37,17.0,17.9
120.02,112.5,181,0.01,0.37,15.6,16.49
120.02,115.0,181,0.01,0.35,14.12,14.49
120.02,117.5,181,0.01,0.34,12.37,12.82
120.02,120.0,181,0.01,0.36,11.1,12.32
120.02,122.5,181,0.01,0.35,9.47,10.98
120.02,125.0,181,0.01,0.32,8.78,8.98
120.02,127.5,181,0.01,0.32,7.35,7.97
120.02,130.0,181,0.01,0.32,6.65,7.08
120.02,110.0,237,0.01,0.4,19.4,20.68
120.02,115.0,237,0.01,0.38,16.05,17.23
120.02,120.0,237,0.01,0.36,13.0,14.15
120.02,125.0,237,0.01,0.34,10.45,11.3
120.02,130.0,237,0.01,0.33,8.35,9.11
120.02,110.0,90,0.01,0.36,14.01,14.27
120.02,115.0,90,0.01,0.34,10.15,10.82
120.02,120.0,90,0.01,0.32,7.25,7.73
120.02,125.0,90,0.01,0.31,5.05,5.36
120.02,110.0,426,0.01,0.41,24.5,26.35
120.02,115.0,426,0.01,0.4,21.1,23.49
120.02,120.0,426,0.01,0.39,18.9,20.44
120.02,125.0,426,0.01,0.37,16.1,17.53
120.02,130.0,426,0.01,0.35,13.55,14.49
260.02,240.0,335,0.01,0.56,65.7,64.46
260.02,246.67,335,0.01,0.55,63.65,60.38
260.02,250.0,335,0.01,0.55,58.4,58.84
260.02,253.33,335,0.01,0.55,60.14,57.57
260.02,260.0,335,0.01,0.55,53.7,54.25
260.02,266.67,335,0.01,0.54,52.14,52.09
260.02,270.0,335,0.01,0.54,49.47,49.96
260.02,273.33,335,0.01,0.54,51.9,48.04
260.02,276.67,335,0.01,0.54,48.0,47.59
260.02,280.0,335,0.01,0.54,45.95,46.48
260.02,283.33,335,0.01,0.54,44.57,45.26
260.02,236.67,181,0.01,0.54,50.43,50.94
260.02,240.0,181,0.01,0.54,49.05,48.99
260.02,243.33,181,0.01,0.54,46.6,47.59
260.02,246.67,181,0.01,0.53,46.0,44.95
260.02,250.0,181,0.01,0.53,43.17,43.76
260.02,253.33,181,0.01,0.53,42.93,42.21
260.02,256.67,181,0.01,0.53,39.83,40.67
260.02,260.0,181,0.01,0.52,37.65,38.25
260.02,263.33,181,0.01,0.52,36.7,37.11
260.02,266.67,181,0.01,0.52,35.0,35.74
260.02,270.0,181,0.01,0.52,33.3,34.03
260.02,273.33,181,0.01,0.52,32.78,32.83
260.02,276.67,181,0.01,0.52,33.2,31.44
260.02,280.0,181,0.01,0.51,29.75,29.91
260.02,283.33,181,0.01,0.51,28.65,28.82
260.02,240.0,237,0.01,0.55,55.8,55.22
260.02,241.67,237,0.01,0.55,56.62,54.4
260.02,250.0,237,0.01,0.54,49.5,49.82
260.02,258.33,237,0.01,0.53,47.5,45.16
260.02,260.0,237,0.01,0.53,44.65,44.79
260.02,266.67,237,0.01,0.53,42.51,42.03
260.02,270.0,237,0.01,0.53,40.95,40.85
260.02,275.0,237,0.01,0.53,37.88,39.16
260.02,280.0,237,0.01,0.52,36.0,36.21
260.02,283.33,237,0.01,0.52,36.95,34.99
260.02,235.0,90,0.01,0.55,41.49,41.52
260.02,240.0,90,0.01,0.54,38.1,38.01
260.02,245.0,90,0.01,0.53,35.43,34.99
260.02,250.0,90,0.01,0.53,33.05,32.44
260.02,255.0,90,0.01,0.53,30.25,29.7
260.02,260.0,90,0.01,0.52,27.05,26.96
260.02,265.0,90,0.01,0.52,24.8,24.77
260.02,270.0,90,0.01,0.52,22.75,22.82
260.02,275.0,90,0.01,0.52,20.7,21.03
260.02,280.0,90,0.01,0.52,18.81,19.21
260.02,285.0,90,0.01,0.52,17.2,17.42
260.02,235.0,426,0.01,0.57,74.45,74.7
260.02,240.0,426,0.01,0.57,70.0,71.81
260.02,245.0,426,0.01,0.56,69.8,68.9
260.02,250.0,426,0.01,0.56,66.0,66.86
260.02,255.0,426,0.01,0.56,63.41,65.57
260.02,260.0,426,0.01,0.55,61.58,61.76
260.02,265.0,426,0.01,0.55,62.77,59.56
260.02,270.0,426,0.01,0.55,59.6,58.47
260.02,275.0,426,0.01,0.55,54.94,56.77
260.02,280.0,426,0.01,0.54,53.0,53.5
260.02,285.0,426,0.01,0.54,50.97,51.33
130.0,117.5,335,0.01,0.43,26.5,27.49
130.0,120.0,335,0.01,0.42,25.2,26.18
130.0,122.5,335,0.01,0.41,23.75,24.15
130.0,125.0,335,0.01,0.41,22.0,22.97
130.0,127.5,335,0.01,0.4,20.7,21.2
130.0,130.0,335,0.01,0.4,19.25,20.29
130.0,132.5,335,0.01,0.39,18.01,18.96
130.0,135.0,335,0.01,0.39,16.58,17.59
130.0,137.5,335,0.01,0.38,16.08,16.19
130.0,140.0,335,0.01,0.38,14.45,15.58
130.0,142.5,335,0.01,0.37,13.74,14.01
130.0,120.0,118,0.01,0.42,16.7,17.69
130.0,125.0,118,0.01,0.4,14.1,14.35
130.0,130.0,118,0.01,0.38,10.85,11.35
130.0,135.0,118,0.01,0.37,8.95,8.93
130.0,140.0,118,0.01,0.37,6.64,7.24
130.0,120.0,272,0.01,0.42,23.6,24.0
130.0,125.0,272,0.01,0.4,20.2,20.66
130.0,130.0,272,0.01,0.39,16.98,17.85
130.0,135.0,272,0.01,0.4,14.94,16.24
130.0,140.0,272,0.01,0.37,12.38,13.03
130.0,120.0,209,0.01,0.42,21.4,21.68
130.0,125.0,209,0.01,0.4,17.75,18.32
130.0,130.0,209,0.01,0.39,14.77,15.69
130.0,135.0,209,0.01,0.38,12.79,13.05
130.0,140.0,209,0.01,0.37,10.3,10.83
130.0,120.0,426,0.01,0.42,28.25,28.51
130.0,125.0,426,0.01,0.42,25.2,25.93
130.0,130.0,426,0.01,0.4,22.55,22.99
130.0,135.0,426,0.01,0.39,19.8,20.56
130.0,140.0,426,0.01,0.39,17.05,18.29
427.5,385.0,118,0.01,0.45,66.89,67.11
427.5,390.0,118,0.01,0.44,60.54,62.84
427.5,395.0,118,0.01,0.44,63.5,59.97
427.5,400.0,118,0.01,0.43,54.75,56.22
427.5,410.0,118,0.01,0.42,49.44,49.81
427.5,420.0,118,0.01,0.41,43.55,43.26
427.5,430.0,118,0.01,0.41,38.7,39.33
427.5,440.0,118,0.01,0.4,33.0,34.5
427.5,450.0,118,0.01,0.4,29.4,30.08
427.5,460.0,118,0.01,0.39,25.0,25.35
427.5,470.0,118,0.01,0.39,22.03,22.2
427.5,390.0,181,0.01,0.46,70.75,74.13
427.5,400.0,181,0.01,0.45,66.27,67.85
427.5,410.0,181,0.01,0.44,58.75,61.84
427.5,420.0,181,0.01,0.44,54.65,56.76
427.5,430.0,181,0.01,0.43,49.93,51.42
427.5,440.0,181,0.01,0.42,44.91,46.05
427.5,450.0,181,0.01,0.42,40.5,41.88
427.5,455.0,181,0.01,0.41,38.3,38.57
427.5,460.0,181,0.01,0.41,36.65,37.16
427.5,465.0,181,0.01,0.41,34.15,35.46
427.5,470.0,181,0.01,0.41,31.95,33.63
427.5,385.0,237,0.01,0.46,125.02,84.26
427.5,390.0,237,0.01,0.46,87.65,82.22
427.5,395.0,237,0.01,0.46,77.5,79.31
427.5,400.0,237,0.01,0.46,74.01,76.97
427.5,405.0,237,0.01,0.45,78.4,73.61
427.5,410.0,237,0.01,0.45,68.65,70.12
427.5,415.0,237,0.01,0.44,64.3,66.95
427.5,420.0,237,0.01,0.44,63.1,64.77
427.5,425.0,237,0.01,0.44,58.97,62.97
427.5,430.0,237,0.01,0.43,57.8,58.87
427.5,435.0,237,0.01,0.43,61.9,56.97
427.5,440.0,237,0.01,0.43,55.5,54.42
427.5,445.0,237,0.01,0.42,49.36,51.03
427.5,450.0,237,0.01,0.42,47.4,49.81
427.5,455.0,237,0.01,0.42,45.1,48.1
427.5,460.0,237,0.01,0.41,47.59,44.32
427.5,465.0,237,0.01,0.41,44.0,43.2
427.5,470.0,237,0.01,0.41,40.6,41.23
427.5,385.0,90,0.01,0.45,60.78,61.59
427.5,390.0,90,0.01,0.45,55.14,58.62
427.5,395.0,90,0.01,0.44,53.86,55.06
427.5,400.0,90,0.01,0.44,50.46,51.98
427.5,405.0,90,0.01,0.43,45.24,48.51
427.5,410.0,90,0.01,0.43,44.45,45.46
427.5,415.0,90,0.01,0.43,40.07,42.98
427.5,420.0,90,0.01,0.41,38.35,38.89
427.5,425.0,90,0.01,0.41,36.5,36.27
427.5,430.0,90,0.01,0.41,33.32,33.8
427.5,435.0,90,0.01,0.4,30.8,30.97
427.5,440.0,90,0.01,0.4,28.72,29.05
427.5,445.0,90,0.01,0.4,26.7,26.96
427.5,450.0,90,0.01,0.4,23.91,25.09
427.5,455.0,90,0.01,0.39,22.47,22.44
427.5,460.0,90,0.01,0.39,20.72,20.45
427.5,465.0,90,0.01,0.4,18.96,20.23
427.5,470.0,90,0.01,0.39,17.29,17.66
427.5,385.0,146,0.01,0.44,68.83,70.16
427.5,390.0,146,0.01,0.44,67.43,67.27
427.5,395.0,146,0.01,0.44,62.88,64.33
427.5,400.0,146,0.01,0.43,58.42,60.64
427.5,405.0,146,0.01,0.43,54.19,58.23
427.5,410.0,146,0.01,0.42,52.39,54.72
427.5,415.0,146,0.01,0.42,50.0,51.52
427.5,420.0,146,0.01,0.41,46.2,48.21
427.5,425.0,146,0.01,0.41,44.75,46.37
427.5,430.0,146,0.01,0.41,42.8,43.55
427.5,435.0,146,0.01,0.41,38.15,41.31
427.5,440.0,146,0.01,0.4,37.3,38.29
427.5,450.0,146,0.01,0.4,32.75,34.4
427.5,460.0,146,0.01,0.39,28.37,29.66
427.5,470.0,146,0.01,0.39,25.29,26.78
443.09,400.0,335,0.01,0.54,109.5,110.84
443.09,405.0,335,0.01,0.54,112.5,108.16
443.09,410.0,335,0.01,0.55,105.91,107.52
443.09,415.0,335,0.01,0.54,109.7,103.66
443.09,420.0,335,0.01,0.54,110.0,102.61
443.09,425.0,335,0.01,0.55,110.0,99.9
443.09,430.0,335,0.01,0.54,95.7,97.41
443.09,435.0,335,0.01,0.54,104.75,95.35
443.09,440.0,335,0.01,0.53,91.5,91.47
443.09,445.0,335,0.01,0.53,91.15,89.94
443.09,450.0,335,0.01,0.53,86.52,87.75
443.09,455.0,335,0.01,0.53,86.0,84.92
443.09,460.0,335,0.01,0.53,85.62,83.54
443.09,465.0,335,0.01,0.53,81.55,81.3
443.09,470.0,335,0.01,0.52,78.65,78.16
443.09,475.0,335,0.01,0.52,76.24,76.4
443.09,480.0,335,0.01,0.52,73.58,74.9
443.09,485.0,335,0.01,0.52,76.4,73.99
443.09,400.0,181,0.01,0.54,87.85,88.47
443.09,405.0,181,0.01,0.53,93.54,85.64
443.09,410.0,181,0.01,0.53,80.33,81.99
443.09,415.0,181,0.01,0.54,78.55,80.81
443.09,420.0,181,0.01,0.53,77.65,77.26
443.09,425.0,181,0.01,0.53,80.0,74.69
443.09,430.0,181,0.01,0.53,71.94,72.78
443.09,435.0,181,0.01,0.52,69.2,68.49
443.09,440.0,181,0.01,0.52,67.05,66.24
443.09,445.0,181,0.01,0.52,64.65,64.38
443.09,450.0,181,0.01,0.52,63.05,62.97
443.09,455.0,181,0.01,0.52,60.0,60.03
443.09,460.0,181,0.01,0.52,57.7,57.54
443.09,465.0,181,0.01,0.52,55.8,56.71
443.09,470.0,181,0.01,0.52,53.7,54.42
443.09,475.0,181,0.01,0.51,52.15,51.73
443.09,480.0,181,0.01,0.51,49.9,49.79
443.09,485.0,181,0.01,0.51,50.25,48.56
443.09,400.0,237,0.01,0.54,101.03,97.49
443.09,405.0,237,0.01,0.55,97.55,95.11
443.09,410.0,237,0.01,0.54,92.18,92.23
443.09,415.0,237,0.01,0.54,93.84,89.52
443.09,420.0,237,0.01,0.54,86.75,86.5
443.09,425.0,237,0.01,0.54,102.95,85.29
443.09,430.0,237,0.01,0.53,84.43,81.61
443.09,435.0,237,0.01,0.53,81.6,79.49
443.09,440.0,237,0.01,0.53,77.03,77.46
443.09,445.0,237,0.01,0.53,76.11,75.7
443.09,450.0,237,0.01,0.53,71.65,73.87
443.09,455.0,237,0.01,0.53,74.4,71.45
443.09,460.0,237,0.01,0.52,66.5,67.9
443.09,465.0,237,0.01,0.52,68.42,66.09
443.09,470.0,237,0.01,0.52,64.5,63.9
443.09,475.0,237,0.01,0.52,63.0,62.29
443.09,480.0,237,0.01,0.52,61.33,60.99
443.09,485.0,237,0.01,0.52,59.0,58.75
443.09,400.0,90,0.01,0.54,69.45,70.39
443.09,405.0,90,0.01,0.54,71.21,66.95
443.09,410.0,90,0.01,0.53,63.76,64.15
443.09,415.0,90,0.01,0.53,63.05,60.83
443.09,420.0,90,0.01,0.53,57.57,58.01
443.09,425.0,90,0.01,0.53,56.1,55.55
443.09,430.0,90,0.01,0.53,52.4,53.1
443.09,435.0,90,0.01,0.52,49.65,49.99
443.09,440.0,90,0.01,0.52,47.85,47.15
443.09,445.0,90,0.01,0.52,45.6,45.26
443.09,450.0,90,0.01,0.51,43.1,41.86
443.09,455.0,90,0.01,0.52,39.99,40.96
443.09,460.0,90,0.01,0.51,38.75,37.85
443.09,465.0,90,0.01,0.52,36.75,36.73
443.09,470.0,90,0.01,0.51,34.32,34.05
443.09,475.0,90,0.01,0.51,32.6,32.65
443.09,480.0,90,0.01,0.51,31.01,30.72
443.09,485.0,90,0.01,0.51,29.45,29.0
443.09,400.0,146,0.01,0.55,83.03,83.05
443.09,410.0,146,0.01,0.54,78.0,76.68
443.09,420.0,146,0.01,0.54,71.77,71.97
443.09,425.0,146,0.01,0.54,71.42,68.97
443.09,430.0,146,0.01,0.54,69.0,67.15
443.09,435.0,146,0.01,0.53,63.11,63.18
443.09,440.0,146,0.01,0.53,60.75,61.21
443.09,445.0,146,0.01,0.53,57.84,59.33
443.09,450.0,146,0.01,0.53,56.19,56.61
443.09,455.0,146,0.01,0.53,53.96,54.8
443.09,460.0,146,0.01,0.53,51.6,52.83
443.09,465.0,146,0.01,0.52,49.34,49.43
443.09,470.0,146,0.01,0.53,48.0,48.59
443.09,475.0,146,0.01,0.52,45.99,45.92
443.09,480.0,146,0.01,0.52,44.05,43.82
443.09,485.0,146,0.01,0.51,42.15,41.48
34.02,32.0,335,0.01,0.42,6.19,6.47
34.02,35.0,335,0.01,0.39,4.65,4.7
34.02,37.0,335,0.01,0.39,3.8,4.05
34.02,31.0,118,0.01,0.43,4.85,4.95
34.02,32.0,118,0.01,0.42,4.28,4.31
34.02,33.0,118,0.01,0.41,3.65,3.69
34.02,34.0,118,0.01,0.4,3.1,3.16
34.02,35.0,118,0.01,0.4,2.7,2.68
34.02,36.0,118,0.01,0.39,2.28,2.23
34.02,37.0,118,0.01,0.39,1.88,1.88
34.02,31.0,181,0.01,0.41,5.55,5.5
34.02,32.5,181,0.01,0.41,4.55,4.73
34.02,34.0,181,0.01,0.39,3.65,3.8
34.02,35.0,181,0.01,0.38,3.25,3.3
34.02,36.0,181,0.01,0.38,2.81,2.86
34.02,31.0,90,0.01,0.41,4.34,4.49
34.02,32.0,90,0.01,0.4,3.75,3.82
34.02,33.0,90,0.01,0.39,3.15,3.16
34.02,34.0,90,0.01,0.39,2.7,2.67
34.02,35.0,90,0.01,0.38,2.15,2.17
34.02,36.0,90,0.01,0.38,1.76,1.79
34.02,37.0,90,0.01,0.37,1.37,1.41
34.02,31.0,146,0.01,0.42,4.97,5.26
34.02,32.0,146,0.01,0.41,4.35,4.6
34.02,33.0,146,0.01,0.4,3.85,3.92
34.02,34.0,146,0.01,0.39,3.3,3.4
34.02,35.0,146,0.01,0.38,2.84,2.89
34.02,36.0,146,0.01,0.39,2.5,2.58
34.02,37.0,146,0.01,0.38,2.14,2.18
2923.24,2650.0,335,0.01,0.4,498.86,586.14
2923.24,2700.0,335,0.01,0.39,410.0,551.4
2923.24,2800.0,335,0.01,0.38,349.59,492.07
2923.24,2900.0,335,0.01,0.37,440.0,431.44
2923.24,3000.0,335,0.01,0.36,303.9,383.17
2923.24,3100.0,335,0.01,0.35,329.9,328.08
2923.24,3200.0,335,0.01,0.34,274.3,280.36
2923.24,2685.0,118,0.01,0.39,385.0,389.07
2923.24,2700.0,118,0.01,0.38,207.4,374.69
2923.24,2705.0,118,0.01,0.38,194.1,370.47
2923.24,2710.0,118,0.01,0.38,191.5,370.04
2923.24,2800.0,118,0.01,0.36,221.0,302.91
2923.24,2850.0,118,0.01,0.35,288.05,273.82
2923.24,2900.0,118,0.01,0.34,260.3,241.74
2923.24,2950.0,118,0.01,0.33,233.2,210.58
2923.24,3000.0,118,0.01,0.32,183.7,181.46
2923.24,3050.0,118,0.01,0.32,175.5,161.71
2923.24,3100.0,118,0.01,0.31,156.4,137.08
2923.24,3150.0,118,0.01,0.32,145.6,127.53
2923.24,3200.0,118,0.01,0.31,101.1,107.25
2923.24,2650.0,181,0.01,0.39,454.69,467.27
2923.24,2695.0,181,0.01,0.38,230.0,434.3
2923.24,2700.0,181,0.01,0.38,419.66,430.43
2923.24,2710.0,181,0.01,0.38,260.5,425.26
2923.24,2740.0,181,0.01,0.37,414.6,402.68
2923.24,2745.0,181,0.01,0.37,411.1,398.39
2923.24,2750.0,181,0.01,0.37,380.0,394.79
2923.24,2755.0,181,0.01,0.37,399.7,393.21
2923.24,2760.0,181,0.01,0.37,311.95,391.08
2923.24,2765.0,181,0.01,0.36,392.9,383.93
2923.24,2770.0,181,0.01,0.37,233.55,383.57
2923.24,2780.0,181,0.01,0.37,275.07,380.83
2923.24,2800.0,181,0.01,0.36,381.23,361.71
2923.24,2840.0,181,0.01,0.35,324.0,331.71
2923.24,2850.0,181,0.01,0.35,333.3,329.42
2923.24,2860.0,181,0.01,0.35,248.88,325.51
2923.24,2900.0,181,0.01,0.35,318.61,304.3
2923.24,2920.0,181,0.01,0.34,295.51,287.55
2923.24,2940.0,181,0.01,0.34,195.03,276.49
2923.24,2950.0,181,0.01,0.34,286.18,272.21
2923.24,2960.0,181,0.01,0.34,282.0,267.55
2923.24,3000.0,181,0.01,0.33,263.61,242.52
2923.24,3020.0,181,0.01,0.33,228.46,236.68
2923.24,3040.0,181,0.01,0.33,167.8,229.51
2923.24,3080.0,181,0.01,0.33,213.2,213.67
2923.24,3100.0,181,0.01,0.32,210.88,195.38
2923.24,3120.0,181,0.01,0.32,193.9,190.35
2923.24,3160.0,181,0.01,0.32,86.0,177.09
2923.24,3200.0,181,0.01,0.31,163.7,153.7
2923.24,2640.0,90,0.01,0.39,204.47,389.44
2923.24,2650.0,90,0.01,0.38,370.78,379.15
2923.24,2660.0,90,0.01,0.38,374.9,369.84
2923.24,2670.0,90,0.01,0.38,163.0,364.97
2923.24,2680.0,90,0.01,0.38,180.6,355.74
2923.24,2690.0,90,0.01,0.37,229.1,347.76
2923.24,2700.0,90,0.01,0.37,353.6,342.38
2923.24,2710.0,90,0.01,0.37,265.0,333.37
2923.24,2720.0,90,0.01,0.36,329.3,323.57
2923.24,2740.0,90,0.01,0.36,164.6,309.79
2923.24,2750.0,90,0.01,0.36,303.4,304.53
2923.24,2760.0,90,0.01,0.35,132.7,294.07
2923.24,2770.0,90,0.01,0.35,128.6,287.37
2923.24,2780.0,90,0.01,0.35,280.0,280.29
2923.24,2790.0,90,0.01,0.35,142.9,276.73
2923.24,2800.0,90,0.01,0.35,266.84,268.61
2923.24,2810.0,90,0.01,0.34,248.47,257.63
2923.24,2830.0,90,0.01,0.34,250.3,247.9
2923.24,2840.0,90,0.01,0.34,234.5,241.35
2923.24,2850.0,90,0.01,0.33,235.43,230.59
2923.24,2860.0,90,0.01,0.34,240.86,230.48
2923.24,2870.0,90,0.01,0.33,161.0,220.7
2923.24,2880.0,90,0.01,0.33,225.08,214.06
2923.24,2900.0,90,0.01,0.33,215.0,207.22
2923.24,2930.0,90,0.01,0.33,90.5,191.93
2923.24,2940.0,90,0.01,0.32,103.8,181.17
2923.24,2950.0,90,0.01,0.32,176.0,175.47
2923.24,2960.0,90,0.01,0.31,97.6,165.42
2923.24,2970.0,90,0.01,0.31,184.7,161.51
2923.24,2980.0,90,0.01,0.31,175.34,156.98
2923.24,2990.0,90,0.01,0.31,71.6,153.05
2923.24,3000.0,90,0.01,0.31,165.23,148.19
2923.24,3010.0,90,0.01,0.32,151.41,151.4
2923.24,3020.0,90,0.01,0.31,42.0,141.81
2923.24,3030.0,90,0.01,0.31,150.1,136.38
2923.24,3040.0,90,0.01,0.31,57.6,132.95
2923.24,3050.0,90,0.01,0.31,138.25,128.23
2923.24,2640.0,146,0.01,0.39,465.7,442.97
2923.24,2680.0,146,0.01,0.38,408.8,412.72
2923.24,2800.0,146,0.01,0.36,340.3,329.88
2923.24,2820.0,146,0.01,0.36,172.7,320.84
2923.24,2840.0,146,0.01,0.36,300.0,309.42
2923.24,2860.0,146,0.01,0.35,154.7,295.28
2923.24,2900.0,146,0.01,0.35,271.55,273.96
2923.24,2940.0,146,0.01,0.34,116.4,248.07
2923.24,2980.0,146,0.01,0.34,222.75,232.25
2923.24,3000.0,146,0.01,0.33,221.2,213.35
2923.24,3040.0,146,0.01,0.33,94.73,199.19
2923.24,3120.0,146,0.01,0.31,174.6,155.85
2923.24,3140.0,146,0.01,0.31,114.38,147.68
2923.24,3160.0,146,0.01,0.32,90.1,149.46
2923.24,3180.0,146,0.01,0.31,101.7,134.43
2923.24,3200.0,146,0.01,0.31,93.82,130.89
557.86,510.0,335,0.01,0.31,85.64,92.36
557.86,520.0,335,0.01,0.31,76.62,87.16
557.86,505.0,181,0.01,0.31,71.87,78.65
557.86,510.0,209,0.01,0.31,60.2,79.03
557.86,505.0,90,0.01,0.31,60.63,66.61
896.75,820.0,335,0.01,0.38,162.4,169.89
896.75,840.0,335,0.01,0.37,147.05,156.54
896.75,860.0,335,0.01,0.38,141.09,148.97
896.75,880.0,335,0.01,0.36,125.0,135.3
896.75,900.0,335,0.01,0.36,120.0,126.17
896.75,920.0,335,0.01,0.35,105.0,113.56
896.75,940.0,335,0.01,0.35,102.28,105.23
896.75,960.0,335,0.01,0.34,90.0,94.29
896.75,980.0,335,0.01,0.34,81.7,87.3
896.75,820.0,118,0.01,0.39,116.39,121.07
896.75,840.0,118,0.01,0.37,107.0,106.26
896.75,860.0,118,0.01,0.36,99.2,92.86
896.75,880.0,118,0.01,0.35,77.9,80.79
896.75,900.0,118,0.01,0.33,66.9,67.18
896.75,910.0,118,0.01,0.34,63.5,64.51
896.75,920.0,118,0.01,0.33,61.4,57.66
896.75,930.0,118,0.01,0.32,53.38,52.11
896.75,940.0,118,0.01,0.33,46.4,50.05
896.75,950.0,118,0.01,0.32,46.55,44.68
896.75,960.0,118,0.01,0.32,42.79,41.38
896.75,970.0,118,0.01,0.32,43.9,37.68
896.75,980.0,118,0.01,0.32,40.51,35.13
896.75,820.0,181,0.01,0.37,133.43,136.05
896.75,840.0,181,0.01,0.37,114.6,123.33
896.75,860.0,181,0.01,0.35,105.2,108.07
896.75,880.0,181,0.01,0.34,92.25,95.68
896.75,900.0,181,0.01,0.34,81.55,86.61
896.75,920.0,181,0.01,0.34,75.9,77.81
896.75,940.0,181,0.01,0.33,64.82,66.65
896.75,960.0,181,0.01,0.33,54.9,59.39
896.75,980.0,181,0.01,0.33,48.3,52.06
896.75,820.0,90,0.01,0.41,110.0,116.47
896.75,840.0,90,0.01,0.36,96.25,95.05
896.75,860.0,90,0.01,0.36,79.65,83.95
896.75,880.0,90,0.01,0.35,71.9,71.27
896.75,900.0,90,0.01,0.33,57.4,57.96
896.75,910.0,90,0.01,0.33,51.5,54.13
896.75,920.0,90,0.01,0.33,49.9,49.28
896.75,930.0,90,0.01,0.33,43.12,45.01
896.75,940.0,90,0.01,0.33,38.0,41.43
896.75,950.0,90,0.01,0.33,36.01,38.23
896.75,960.0,90,0.01,0.32,31.1,33.12
896.75,970.0,90,0.01,0.33,30.68,31.92
896.75,980.0,90,0.01,0.32,28.32,27.5
896.75,820.0,146,0.01,0.4,125.3,132.19
896.75,840.0,146,0.01,0.39,113.0,118.07
896.75,860.0,146,0.01,0.37,101.6,103.45
896.75,880.0,146,0.01,0.37,86.02,93.48
896.75,900.0,146,0.01,0.36,82.5,80.14
896.75,910.0,146,0.01,0.34,75.87,72.62
896.75,920.0,146,0.01,0.34,69.7,68.6
896.75,930.0,146,0.01,0.34,70.5,64.33
896.75,940.0,146,0.01,0.34,56.5,60.36
896.75,950.0,146,0.01,0.33,57.1,54.33
896.75,960.0,146,0.01,0.33,52.8,50.65
896.75,970.0,146,0.01,0.33,49.1,48.04
896.75,980.0,146,0.01,0.33,43.7,44.39
110.95,100.0,335,0.01,0.52,26.5,26.89
110.95,105.0,335,0.01,0.51,24.5,24.41
110.95,110.0,335,0.01,0.5,21.75,21.95
110.95,115.0,335,0.01,0.5,19.43,19.94
110.95,120.0,335,0.01,0.5,17.8,17.97
110.95,100.0,118,0.01,0.51,18.43,18.6
110.95,105.0,118,0.01,0.5,15.45,15.72
110.95,110.0,118,0.01,0.49,12.84,12.82
110.95,115.0,118,0.01,0.49,10.6,10.77
110.95,120.0,118,0.01,0.49,8.66,8.83
110.95,100.0,237,0.01,0.51,23.75,23.48
110.95,105.0,237,0.01,0.51,20.75,20.88
110.95,110.0,237,0.01,0.5,18.05,18.33
110.95,115.0,237,0.01,0.49,15.9,15.77
110.95,120.0,237,0.01,0.49,13.87,14.14
110.95,100.0,426,0.01,0.53,29.62,29.92
110.95,105.0,426,0.01,0.52,27.05,27.58
110.95,110.0,426,0.01,0.52,25.0,25.42
110.95,115.0,426,0.01,0.51,22.83,23.17
110.95,120.0,426,0.01,0.5,20.72,20.88
110.95,100.0,146,0.01,0.51,19.4,19.88
110.95,105.0,146,0.01,0.49,16.6,16.66
110.95,110.0,146,0.01,0.49,13.8,14.25
110.95,115.0,146,0.01,0.48,11.75,11.82
110.95,120.0,146,0.01,0.48,9.8,10.06
38.55,35.0,335,0.01,0.4,7.5,7.68
38.55,37.0,335,0.01,0.38,6.82,6.46
38.55,40.0,335,0.01,0.36,4.75,4.87
38.55,42.0,335,0.01,0.35,3.9,3.96
38.55,38.0,118,0.01,0.35,3.7,3.41
38.55,39.0,118,0.01,0.34,2.73,2.84
38.55,40.0,118,0.01,0.33,2.37,2.33
38.55,42.0,118,0.01,0.32,1.6,1.54
38.55,35.0,90,0.01,0.37,5.15,4.88
38.55,36.0,90,0.01,0.35,4.06,4.1
38.55,37.0,90,0.01,0.35,3.5,3.52
38.55,38.0,90,0.01,0.33,2.87,2.81
38.55,39.0,90,0.01,0.32,2.29,2.3
38.55,40.0,90,0.01,0.31,1.78,1.8
38.55,41.0,90,0.01,0.31,1.44,1.43
38.55,35.0,426,0.01,0.4,9.45,8.38
38.55,37.0,426,0.01,0.4,7.45,7.52
38.55,40.0,426,0.01,0.38,5.55,5.85
38.55,42.0,426,0.01,0.36,5.6,4.82
38.55,35.0,146,0.01,0.38,5.95,5.67
38.55,36.0,146,0.01,0.36,5.27,4.89
38.55,37.0,146,0.01,0.35,4.3,4.25
38.55,38.0,146,0.01,0.35,3.78,3.73
38.55,39.0,146,0.01,0.34,3.12,3.17
38.55,40.0,146,0.01,0.33,2.67,2.66
38.55,41.0,146,0.01,0.32,2.26,2.18
38.55,42.0,146,0.01,0.32,1.89,1.85
92.17,85.0,335,0.01,0.5,20.75,21.08
92.17,90.0,335,0.01,0.49,17.85,18.42
92.17,95.0,335,0.01,0.48,15.61,15.85
92.17,100.0,335,0.01,0.48,13.65,13.99
92.17,85.0,118,0.01,0.49,13.5,13.87
92.17,90.0,118,0.01,0.48,10.77,11.17
92.17,95.0,118,0.01,0.47,8.5,8.73
92.17,100.0,118,0.01,0.46,6.55,6.68
92.17,85.0,237,0.01,0.49,17.8,17.99
92.17,90.0,237,0.01,0.48,15.5,15.29
92.17,95.0,237,0.01,0.48,12.75,13.34
92.17,100.0,237,0.01,0.47,10.76,11.05
92.17,85.0,90,0.01,0.47,12.2,12.52
92.17,90.0,90,0.01,0.46,9.3,9.59
92.17,95.0,90,0.01,0.46,6.98,7.34
92.17,100.0,90,0.01,0.46,5.25,5.45
92.17,85.0,146,0.01,0.49,14.7,15.07
92.17,90.0,146,0.01,0.48,12.0,12.29
92.17,95.0,146,0.01,0.47,9.65,9.84
92.17,100.0,146,0.01,0.47,7.7,8.01
16.43,15.0,118,0.01,0.74,3.5,3.37
16.43,16.0,118,0.01,0.74,2.97,2.98
16.43,17.0,118,0.01,0.75,2.53,2.58
16.43,18.0,118,0.01,0.74,2.18,2.17
16.43,15.0,181,0.01,0.72,3.94,3.95
16.43,16.0,181,0.01,0.71,3.45,3.44
16.43,17.0,181,0.01,0.71,3.0,3.08
16.43,18.0,181,0.01,0.71,2.66,2.68
16.43,15.0,237,0.01,0.72,4.5,4.4
16.43,16.0,237,0.01,0.72,3.98,3.9
16.43,17.0,237,0.01,0.71,3.53,3.54
16.43,18.0,237,0.01,0.71,3.3,3.16
16.43,15.0,209,0.01,0.73,4.67,4.23
16.43,16.0,209,0.01,0.72,3.75,3.73
16.43,17.0,209,0.01,0.72,3.34,3.34
16.43,18.0,209,0.01,0.71,3.0,2.94
16.43,15.0,90,0.01,0.72,3.02,3.03
16.43,16.0,90,0.01,0.71,2.5,2.5
16.43,17.0,90,0.01,0.71,2.1,2.09
16.43,18.0,90,0.01,0.71,1.71,1.71
22.18,20.0,335,0.01,0.66,7.14,6.48
22.18,22.0,335,0.01,0.74,6.5,6.34
22.18,20.0,272,0.01,0.68,6.64,6.1
22.18,22.0,272,0.01,0.72,6.0,5.54
22.18,20.0,181,0.01,0.68,5.35,5.25
22.18,21.25,181,0.01,0.68,5.6,4.66
22.18,22.5,181,0.01,0.69,4.05,4.19
22.18,23.75,181,0.01,0.69,3.75,3.75
22.18,20.0,454,0.01,0.73,7.64,8.05
22.18,22.0,454,0.01,0.71,6.99,7.04
22.18,20.0,146,0.01,0.68,4.7,4.78
22.18,21.25,146,0.01,0.7,4.57,4.31
22.18,22.5,146,0.01,0.69,3.8,3.77
22.18,23.75,146,0.01,0.71,3.29,3.35
10.58,10.0,335,0.01,0.72,3.1,3.13
10.58,10.0,118,0.01,0.7,1.94,1.94
10.58,11.0,118,0.01,0.7,1.5,1.51
10.58,10.0,181,0.01,0.71,2.3,2.37
10.58,11.0,181,0.01,0.69,1.9,1.88
10.58,10.0,209,0.01,0.71,2.48,2.48
10.58,11.0,209,0.01,0.7,2.05,2.09
10.58,10.0,90,0.01,0.69,1.69,1.72
10.58,11.0,90,0.01,0.69,1.28,1.27
394.47,370.0,391,0.01,0.44,60.9,82.87
394.47,400.0,391,0.01,0.42,46.6,66.7
394.47,410.0,391,0.01,0.41,26.9,61.88
394.47,420.0,391,0.01,0.41,38.3,57.85
394.47,430.0,391,0.01,0.4,42.69,53.31
394.47,360.0,181,0.01,0.44,51.4,66.01
394.47,370.0,181,0.01,0.42,42.8,59.38
394.47,380.0,181,0.01,0.41,40.3,52.84
394.47,390.0,181,0.01,0.4,32.4,47.25
394.47,400.0,181,0.01,0.39,34.39,41.6
394.47,410.0,181,0.01,0.37,32.0,35.12
394.47,420.0,181,0.01,0.35,27.9,29.15
394.47,430.0,181,0.01,0.35,24.9,25.79
394.47,360.0,237,0.01,0.44,31.4,73.27
394.47,370.0,237,0.01,0.43,26.4,66.95
394.47,380.0,237,0.01,0.42,41.2,60.49
394.47,390.0,237,0.01,0.41,48.62,54.36
394.47,400.0,237,0.01,0.4,17.2,49.46
394.47,420.0,237,0.01,0.39,30.4,39.57
394.47,430.0,237,0.01,0.38,26.8,35.16
394.47,370.0,146,0.01,0.43,34.5,55.26
394.47,380.0,146,0.01,0.42,42.8,49.3
394.47,390.0,146,0.01,0.4,28.9,42.51
394.47,400.0,146,0.01,0.39,25.8,36.81
394.47,410.0,146,0.01,0.38,27.7,32.1
394.47,420.0,146,0.01,0.38,19.9,28.14
394.47,430.0,146,0.01,0.37,20.9,23.71
557.86,510.0,335,0.01,0.31,85.64,92.86
557.86,520.0,335,0.01,0.31,76.62,87.04
557.86,505.0,181,0.01,0.31,71.87,79.16
557.86,510.0,209,0.01,0.31,60.2,79.56
557.86,505.0,90,0.01,0.31,60.63,66.48
507.42,460.0,209,0.01,0.31,73.8,74.24
130.6,120.0,335,0.01,0.46,27.4,28.12
130.6,125.0,335,0.01,0.44,30.0,24.83
130.6,130.0,335,0.01,0.43,19.6,22.16
130.6,135.0,335,0.01,0.42,19.8,19.59
130.6,140.0,335,0.01,0.41,19.8,16.93
130.6,120.0,181,0.01,0.42,26.85,20.9
130.6,122.5,181,0.01,0.42,19.4,19.68
130.6,125.0,181,0.01,0.41,19.23,17.95
130.6,127.5,181,0.01,0.4,20.9,16.39
130.6,130.0,181,0.01,0.4,15.3,15.15
130.6,132.5,181,0.01,0.39,13.5,13.83
130.6,135.0,181,0.01,0.38,12.5,12.39
130.6,137.5,181,0.01,0.38,11.5,11.32
130.6,140.0,181,0.01,0.37,9.9,9.99
130.6,142.5,181,0.01,0.37,9.3,9.03
130.6,120.0,209,0.01,0.44,24.0,22.81
130.6,125.0,209,0.01,0.42,19.1,19.56
130.6,135.0,209,0.01,0.38,12.5,13.39
130.6,140.0,209,0.01,0.39,13.68,11.84
130.6,120.0,300,0.01,0.45,25.4,26.49
130.6,125.0,300,0.01,0.44,26.3,23.4
130.6,130.0,300,0.01,0.4,16.6,19.68
130.6,135.0,300,0.01,0.53,19.9,23.6
130.6,140.0,300,0.01,0.41,11.45,15.9
130.6,120.0,146,0.01,0.42,21.4,19.4
130.6,125.0,146,0.01,0.4,17.7,16.11
130.6,130.0,146,0.01,0.39,13.65,13.39
130.6,135.0,146,0.01,0.38,10.88,10.73
130.6,140.0,146,0.01,0.37,8.76,8.67
177.48,160.0,335,0.01,0.66,52.28,51.32
177.48,165.0,335,0.01,0.65,50.4,49.26
177.48,170.0,335,0.01,0.65,51.46,47.51
177.48,175.0,335,0.01,0.64,48.75,44.12
177.48,180.0,335,0.01,0.64,42.5,42.21
177.48,185.0,335,0.01,0.63,39.55,40.06
177.48,190.0,335,0.01,0.63,45.11,38.42
177.48,195.0,335,0.01,0.62,37.6,35.82
177.48,160.0,118,0.01,0.66,36.1,35.08
177.48,165.0,118,0.01,0.65,32.7,32.09
177.48,170.0,118,0.01,0.64,35.1,29.15
177.48,175.0,118,0.01,0.64,26.84,27.05
177.48,180.0,118,0.01,0.63,24.55,24.49
177.48,185.0,118,0.01,0.63,22.6,22.33
177.48,190.0,118,0.01,0.63,20.8,20.6
177.48,195.0,118,0.01,0.62,19.6,18.44
177.48,160.0,181,0.01,0.63,38.5,39.43
177.48,165.0,181,0.01,0.62,35.5,36.21
177.48,170.0,181,0.01,0.62,33.25,34.6
177.48,175.0,181,0.01,0.61,32.45,31.53
177.48,180.0,181,0.01,0.61,29.1,29.96
177.48,185.0,181,0.01,0.6,27.0,27.19
177.48,190.0,181,0.01,0.6,25.95,25.09
177.48,195.0,181,0.01,0.6,22.8,23.3
177.48,160.0,209,0.01,0.65,46.15,42.52
177.48,165.0,209,0.01,0.65,43.88,40.35
177.48,170.0,209,0.01,0.64,39.21,37.71
177.48,175.0,209,0.01,0.63,35.9,34.73
177.48,180.0,209,0.01,0.64,35.05,33.46
177.48,185.0,209,0.01,0.63,30.0,30.63
177.48,190.0,209,0.01,0.62,37.1,28.27
177.48,195.0,209,0.01,0.62,27.5,27.16
177.48,160.0,90,0.01,0.61,30.91,30.67
177.48,165.0,90,0.01,0.61,27.45,27.56
177.48,170.0,90,0.01,0.6,24.85,24.94
177.48,175.0,90,0.01,0.59,22.36,21.87
177.48,180.0,90,0.01,0.59,19.53,19.58
177.48,185.0,90,0.01,0.59,17.53,17.7
177.48,190.0,90,0.01,0.58,15.55,15.3
177.48,195.0,90,0.01,0.58,14.7,13.81
844.5,800.0,335,0.01,0.31,122.18,124.94
844.5,860.0,335,0.01,0.32,92.5,99.79
844.5,880.0,335,0.01,0.36,77.0,105.2
844.5,800.0,181,0.01,0.37,79.25,112.24
844.5,820.0,181,0.01,0.37,73.5,101.33
844.5,830.0,181,0.01,0.35,69.0,91.82
844.5,840.0,181,0.01,0.35,64.0,86.25
844.5,850.0,181,0.01,0.35,57.5,81.95
844.5,870.0,181,0.01,0.34,48.8,71.41
844.5,880.0,181,0.01,0.34,46.2,67.69
844.5,810.0,90,0.01,0.36,47.4,79.18
844.5,820.0,90,0.01,0.35,53.0,71.35
844.5,830.0,90,0.01,0.34,39.26,64.26
844.5,840.0,90,0.01,0.34,51.1,60.34
844.5,860.0,90,0.01,0.33,42.7,49.1
844.5,880.0,90,0.01,0.32,34.53,39.48
844.5,900.0,90,0.01,0.32,30.2,32.24
844.5,920.0,90,0.01,0.31,22.5,25.28
844.5,800.0,146,0.01,0.37,73.0,103.0
844.5,830.0,146,0.01,0.31,62.9,74.52
844.5,840.0,146,0.01,0.36,53.3,80.39
844.5,860.0,146,0.01,0.35,65.4,68.88
844.5,880.0,146,0.01,0.35,37.2,61.51
844.5,900.0,146,0.01,0.34,25.9,51.73
844.5,920.0,146,0.01,0.33,42.1,42.81
197.91,180.0,181,0.01,0.51,38.4,37.62
197.91,185.0,181,0.01,0.5,35.1,34.09
197.91,190.0,181,0.01,0.5,32.05,31.39
197.91,195.0,181,0.01,0.5,32.7,29.39
197.91,200.0,181,0.01,0.49,28.21,26.4
197.91,210.0,181,0.01,0.48,21.45,22.13
197.91,180.0,209,0.01,0.51,40.15,39.2
197.91,185.0,209,0.01,0.51,40.15,36.91
197.91,190.0,209,0.01,0.5,33.6,33.85
197.91,195.0,209,0.01,0.5,31.45,31.35
197.91,200.0,209,0.01,0.49,28.2,28.59
197.91,210.0,209,0.01,0.48,27.2,24.25
197.91,180.0,426,0.01,0.53,46.1,53.05
197.91,185.0,426,0.01,0.52,44.9,49.93
197.91,190.0,426,0.01,0.52,46.85,47.25
197.91,195.0,426,0.01,0.52,47.45,46.16
197.91,200.0,426,0.01,0.51,44.8,43.41
197.91,210.0,426,0.01,0.5,36.55,38.8
197.91,180.0,146,0.01,0.52,34.53,35.09
197.91,185.0,146,0.01,0.51,33.07,31.91
197.91,190.0,146,0.01,0.51,28.77,29.47
197.91,195.0,146,0.01,0.5,26.4,26.59
197.91,200.0,146,0.01,0.5,23.35,24.2
197.91,210.0,146,0.01,0.49,23.0,19.91
492.52,450.0,335,0.01,0.4,88.1,96.75
492.52,460.0,335,0.01,0.39,86.8,90.31
492.52,470.0,335,0.01,0.38,52.7,84.13
492.52,480.0,335,0.01,0.37,53.6,76.69
492.52,490.0,335,0.01,0.34,47.7,67.82
492.52,500.0,335,0.01,0.36,63.0,66.32
492.52,510.0,335,0.01,0.35,53.0,60.44
492.52,520.0,335,0.01,0.35,60.95,56.47
492.52,530.0,335,0.01,0.35,37.1,52.88
492.52,540.0,335,0.01,0.31,29.6,41.34
492.52,450.0,118,0.01,0.38,42.9,66.47
492.52,470.0,118,0.01,0.36,49.99,52.2
492.52,480.0,118,0.01,0.34,46.7,44.98
492.52,490.0,118,0.01,0.32,39.5,37.69
492.52,500.0,118,0.01,0.31,33.01,31.89
492.52,520.0,118,0.01,0.31,23.5,24.26
492.52,450.0,272,0.01,0.38,87.7,86.6
492.52,480.0,272,0.01,0.36,61.2,67.93
492.52,490.0,272,0.01,0.35,66.15,61.82
492.52,500.0,272,0.01,0.35,58.35,57.61
492.52,520.0,272,0.01,0.34,45.75,47.87
492.52,540.0,272,0.01,0.33,41.8,38.63
492.52,450.0,90,0.01,0.39,60.05,62.42
492.52,460.0,90,0.01,0.38,52.62,55.07
492.52,470.0,90,0.01,0.34,55.6,45.75
492.52,480.0,90,0.01,0.33,39.1,38.82
492.52,490.0,90,0.01,0.32,33.2,32.88
492.52,500.0,90,0.01,0.31,28.0,27.47
492.52,510.0,90,0.01,0.31,22.6,23.11
492.52,460.0,146,0.01,0.38,53.33,64.71
492.52,470.0,146,0.01,0.37,55.32,57.66
492.52,480.0,146,0.01,0.35,52.1,50.29
492.52,490.0,146,0.01,0.34,41.9,43.88
492.52,500.0,146,0.01,0.33,35.1,38.14
492.52,510.0,146,0.01,0.33,32.55,34.74
492.52,520.0,146,0.01,0.32,31.6,29.11
492.52,540.0,146,0.01,0.32,20.8,22.74
52.06,47.5,335,0.01,0.57,14.2,13.27
52.06,50.0,335,0.01,0.55,12.55,11.84
52.06,52.5,335,0.01,0.54,10.75,10.58
52.06,55.0,335,0.01,0.53,9.5,9.51
52.06,47.5,272,0.01,0.55,14.25,11.88
52.06,50.0,272,0.01,0.54,11.45,10.62
52.06,52.5,272,0.01,0.53,9.86,9.37
52.06,55.0,272,0.01,0.52,9.14,8.31
52.06,47.5,181,0.01,0.54,10.48,10.17
52.06,50.0,181,0.01,0.53,8.4,8.73
52.06,52.5,181,0.01,0.52,7.3,7.48
52.06,55.0,181,0.01,0.51,6.05,6.38
52.06,47.5,146,0.01,0.55,11.67,9.57
52.06,50.0,146,0.01,0.54,7.85,8.1
52.06,52.5,146,0.01,0.53,6.5,6.73
52.06,55.0,146,0.01,0.52,5.35,5.68
693.36,640.0,335,0.01,0.4,125.0,133.79
693.36,660.0,335,0.01,0.38,112.0,118.08
693.36,680.0,335,0.01,0.38,104.5,108.93
693.36,700.0,335,0.01,0.37,93.7,96.31
693.36,720.0,335,0.01,0.36,83.43,86.12
693.36,730.0,335,0.01,0.36,101.0,83.1
693.36,740.0,335,0.01,0.36,74.05,79.11
693.36,750.0,335,0.01,0.35,71.0,72.71
693.36,760.0,335,0.01,0.36,100.15,71.44
693.36,660.0,118,0.01,0.35,61.9,73.46
693.36,680.0,118,0.01,0.33,49.44,59.21
693.36,690.0,118,0.01,0.33,54.13,54.75
693.36,700.0,118,0.01,0.33,47.7,49.77
693.36,710.0,118,0.01,0.32,43.7,43.64
693.36,720.0,118,0.01,0.32,39.43,39.58
693.36,730.0,118,0.01,0.31,35.0,34.37
693.36,740.0,118,0.01,0.31,31.2,30.66
693.36,750.0,118,0.01,0.31,27.46,27.98
693.36,760.0,118,0.01,0.31,24.3,24.98
693.36,630.0,181,0.01,0.38,104.7,107.5
693.36,640.0,181,0.01,0.37,95.73,100.59
693.36,650.0,181,0.01,0.36,92.14,93.22
693.36,660.0,181,0.01,0.36,83.3,88.12
693.36,670.0,181,0.01,0.36,77.0,82.7
693.36,680.0,181,0.01,0.36,72.58,77.35
693.36,690.0,181,0.01,0.35,68.09,71.11
693.36,700.0,181,0.01,0.34,62.39,64.94
693.36,710.0,181,0.01,0.34,49.43,60.2
693.36,720.0,181,0.01,0.33,51.58,54.49
693.36,730.0,181,0.01,0.33,48.9,50.24
693.36,740.0,181,0.01,0.33,44.34,46.92
693.36,750.0,181,0.01,0.32,35.0,41.39
693.36,760.0,181,0.01,0.32,36.7,38.95
693.36,630.0,90,0.01,0.38,134.3,88.36
693.36,640.0,90,0.01,0.37,79.23,80.62
693.36,650.0,90,0.01,0.36,72.13,73.54
693.36,660.0,90,0.01,0.35,65.5,66.14
693.36,670.0,90,0.01,0.34,58.0,59.74
693.36,680.0,90,0.01,0.33,42.53,52.48
693.36,690.0,90,0.01,0.33,48.0,47.91
693.36,700.0,90,0.01,0.32,42.4,41.56
693.36,710.0,90,0.01,0.32,37.3,37.52
693.36,720.0,90,0.01,0.32,32.25,33.38
693.36,730.0,90,0.01,0.31,27.9,28.47
693.36,740.0,90,0.01,0.31,23.5,24.95
693.36,750.0,90,0.01,0.31,20.79,21.85
693.36,630.0,146,0.01,0.37,130.35,99.73
693.36,640.0,146,0.01,0.36,145.14,92.76
693.36,660.0,146,0.01,0.35,131.24,79.57
693.36,670.0,146,0.01,0.35,72.0,73.54
693.36,680.0,146,0.01,0.34,55.53,66.73
693.36,690.0,146,0.01,0.34,60.86,61.83
693.36,700.0,146,0.01,0.33,55.33,56.24
693.36,710.0,146,0.01,0.33,50.5,51.6
693.36,720.0,146,0.01,0.32,46.0,45.35
693.36,730.0,146,0.01,0.32,41.2,41.11
693.36,740.0,146,0.01,0.32,38.1,38.6
693.36,750.0,146,0.01,0.31,27.44,34.05
693.36,760.0,146,0.01,0.31,30.08,29.72
507.42,460.0,209,0.01,0.31,73.8,74.66
104.46,95.0,335,0.01,0.49,27.4,23.94
104.46,97.5,335,0.01,0.46,13.0,21.64
104.46,100.0,335,0.01,0.48,22.85,21.21
104.46,105.0,335,0.01,0.46,21.75,18.31
104.46,110.0,335,0.01,0.45,15.85,15.99
104.46,95.0,118,0.01,0.46,20.75,16.05
104.46,97.5,118,0.01,0.45,19.4,14.33
104.46,100.0,118,0.01,0.44,12.85,12.75
104.46,105.0,118,0.01,0.42,9.55,9.84
104.46,110.0,118,0.01,0.41,7.2,7.55
104.46,95.0,181,0.01,0.47,22.45,18.62
104.46,97.5,181,0.01,0.46,16.9,17.14
104.46,100.0,181,0.01,0.46,15.5,15.73
104.46,105.0,181,0.01,0.44,12.65,12.88
104.46,110.0,181,0.01,0.43,10.47,10.63
104.46,100.0,209,0.01,0.45,17.23,16.53
104.46,95.0,90,0.01,0.46,15.7,14.78
104.46,97.5,90,0.01,0.45,13.02,13.08
104.46,100.0,90,0.01,0.44,10.9,11.38
104.46,105.0,90,0.01,0.42,9.5,8.59
104.46,110.0,90,0.01,0.41,7.22,6.29
126.43,115.0,335,0.01,0.56,31.35,32.15
126.43,120.0,335,0.01,0.57,27.7,30.26
126.43,125.0,335,0.01,0.54,25.64,27.02
126.43,130.0,335,0.01,0.54,23.62,24.78
126.43,135.0,335,0.01,0.54,21.55,22.96
126.43,115.0,118,0.01,0.52,20.05,20.77
126.43,120.0,118,0.01,0.51,17.79,17.88
126.43,125.0,118,0.01,0.5,15.1,15.07
126.43,130.0,118,0.01,0.49,12.8,12.86
126.43,135.0,118,0.01,0.48,9.85,10.48
126.43,115.0,181,0.01,0.53,24.17,24.35
126.43,120.0,181,0.01,0.52,20.81,21.93
126.43,125.0,181,0.01,0.51,19.18,18.81
126.43,130.0,181,0.01,0.5,16.84,16.51
126.43,135.0,181,0.01,0.5,14.36,14.58
126.43,115.0,90,0.01,0.5,18.7,18.79
126.43,120.0,90,0.01,0.49,14.78,15.62
126.43,125.0,90,0.01,0.48,12.9,12.72
126.43,130.0,90,0.01,0.47,10.15,10.35
126.43,135.0,90,0.01,0.46,8.3,8.19
126.43,115.0,363,0.01,0.57,32.15,33.81
126.43,120.0,363,0.01,0.57,30.38,31.77
126.43,125.0,363,0.01,0.56,27.81,28.9
126.43,130.0,363,0.01,0.55,25.25,26.58
126.43,135.0,363,0.01,0.54,22.71,24.27
130.6,120.0,335,0.01,0.46,27.4,27.95
130.6,125.0,335,0.01,0.44,30.0,24.99
130.6,130.0,335,0.01,0.43,19.6,21.87
130.6,135.0,335,0.01,0.42,19.8,19.42
130.6,140.0,335,0.01,0.41,19.8,17.12
130.6,120.0,181,0.01,0.42,26.85,20.89
130.6,122.5,181,0.01,0.42,19.4,19.79
130.6,125.0,181,0.01,0.41,19.23,17.84
130.6,127.5,181,0.01,0.4,20.9,16.43
130.6,130.0,181,0.01,0.4,15.3,15.12
130.6,132.5,181,0.01,0.39,13.5,13.76
130.6,135.0,181,0.01,0.38,12.5,12.26
130.6,137.5,181,0.01,0.38,11.5,11.35
130.6,140.0,181,0.01,0.37,9.9,10.06
130.6,142.5,181,0.01,0.37,9.3,9.19
130.6,120.0,209,0.01,0.44,24.0,22.87
130.6,125.0,209,0.01,0.42,19.1,19.31
130.6,135.0,209,0.01,0.38,12.5,13.26
130.6,140.0,209,0.01,0.39,13.68,11.83
130.6,120.0,300,0.01,0.45,25.4,26.4
130.6,125.0,300,0.01,0.44,26.3,23.58
130.6,130.0,300,0.01,0.4,16.6,19.54
130.6,135.0,300,0.01,0.53,19.9,23.26
130.6,140.0,300,0.01,0.41,11.45,15.95
130.6,120.0,146,0.01,0.42,21.4,19.4
130.6,125.0,146,0.01,0.4,17.7,16.24
130.6,130.0,146,0.01,0.39,13.65,13.25
130.6,135.0,146,0.01,0.38,10.88,10.87
130.6,140.0,146,0.01,0.37,8.76,8.69
194.65,180.0,335,0.01,0.4,19.7,37.02
194.65,190.0,335,0.01,0.32,25.5,26.49
194.65,195.0,335,0.01,0.33,24.0,25.29
194.65,200.0,335,0.01,0.31,21.6,21.52
194.65,180.0,181,0.01,0.43,26.73,31.05
194.65,185.0,181,0.01,0.41,26.66,27.45
194.65,190.0,181,0.01,0.34,17.33,21.19
194.65,195.0,181,0.01,0.32,15.0,17.8
194.65,210.0,181,0.01,0.32,8.2,11.66
194.65,185.0,237,0.01,0.37,29.4,28.32
194.65,190.0,237,0.01,0.34,25.2,23.86
194.65,195.0,237,0.01,0.33,20.0,21.14
194.65,200.0,237,0.01,0.32,15.3,18.17
194.65,185.0,209,0.01,0.39,28.3,27.98
194.65,180.0,146,0.01,0.41,21.7,27.79
194.65,185.0,146,0.01,0.39,19.0,24.21
194.65,190.0,146,0.01,0.36,19.35,20.26
194.65,195.0,146,0.01,0.32,13.9,15.91
194.65,200.0,146,0.01,0.31,10.6,13.26
200.07,190.0,335,0.01,0.44,37.9,38.64
200.07,195.0,335,0.01,0.52,45.5,42.22
200.07,200.0,335,0.01,0.49,46.3,37.81
200.07,210.0,335,0.01,0.51,31.17,35.41
200.07,220.0,335,0.01,0.47,34.0,28.84
200.07,210.0,272,0.01,0.46,24.27,27.9
200.07,185.0,181,0.01,0.5,29.5,35.62
200.07,190.0,181,0.01,0.48,28.0,31.74
200.07,195.0,181,0.01,0.46,28.8,28.38
200.07,200.0,181,0.01,0.47,26.0,26.6
200.07,210.0,181,0.01,0.44,23.5,21.04
200.07,220.0,181,0.01,0.44,27.2,17.41
200.07,200.0,237,0.01,0.47,26.66,30.55
200.07,210.0,237,0.01,0.5,23.5,28.48
200.07,220.0,237,0.01,0.44,33.5,21.16
200.07,185.0,146,0.01,0.38,40.24,27.47
200.07,195.0,146,0.01,0.45,26.52,25.41
200.07,210.0,146,0.01,0.43,17.37,17.84
200.07,220.0,146,0.01,0.44,12.8,14.99
71.03,65.0,335,0.01,0.56,18.95,17.71
71.03,70.0,335,0.01,0.54,14.8,15.16
71.03,75.0,335,0.01,0.52,12.2,12.69
71.03,65.0,118,0.01,0.52,11.27,11.47
71.03,70.0,118,0.01,0.51,8.7,8.8
71.03,75.0,118,0.01,0.49,6.17,6.38
71.03,65.0,181,0.01,0.53,13.35,13.54
71.03,70.0,181,0.01,0.51,10.5,10.8
71.03,75.0,181,0.01,0.5,8.0,8.56
71.03,65.0,209,0.01,0.52,13.45,14.02
71.03,70.0,209,0.01,0.51,11.08,11.61
71.03,75.0,209,0.01,0.49,8.55,9.09
71.03,65.0,90,0.01,0.53,10.63,10.74
71.03,70.0,90,0.01,0.51,7.83,7.73
71.03,75.0,90,0.01,0.5,5.3,5.47
78.16,75.0,335,0.01,0.44,14.4,14.73
78.16,80.0,335,0.01,0.43,11.75,12.49
78.16,85.0,335,0.01,0.41,9.6,9.9
78.16,72.0,181,0.01,0.42,12.3,12.47
78.16,74.0,181,0.01,0.41,11.0,11.07
78.16,75.0,181,0.01,0.4,10.4,10.39
78.16,76.0,181,0.01,0.4,10.0,9.91
78.16,78.0,181,0.01,0.39,8.5,8.68
78.16,80.0,181,0.01,0.38,7.65,7.7
78.16,82.0,181,0.01,0.37,6.5,6.6
78.16,84.0,181,0.01,0.37,5.6,5.92
78.16,85.0,181,0.01,0.37,5.18,5.6
78.16,75.0,209,0.01,0.43,11.6,11.84
78.16,80.0,209,0.01,0.42,10.3,9.36
78.16,85.0,209,0.01,0.4,6.6,6.91
78.16,75.0,90,0.01,0.38,7.6,7.54
78.16,80.0,90,0.01,0.35,4.8,4.67
78.16,85.0,90,0.01,0.34,2.8,2.79
78.16,75.0,146,0.01,0.4,9.5,9.41
78.16,80.0,146,0.01,0.38,7.1,6.86
78.16,85.0,146,0.01,0.37,4.8,4.81
